sweep,label,seeds,tau_raw,tau_z,tau_norm,tau_norm_worst,wins_vs_raw,wins_vs_z,leniency_r,scale_r,leniency_rmse,scale_rmse,standard_error,load_min,load_max,disconnected_seeds,favourites,rank_lift,into_top_ten,planted,named_share,false_share,honest_max_z,planted_median_z
design imbalance,"0.00",20,0.7865,0.8369,0.7935,0.6147,15,8,0.8979,0.839,0.2713,0.3303,0.1182,20,20,20,,,,,,,,
design imbalance,"0.15",20,0.7601,0.8539,0.8885,0.8305,20,19,0.99,0.9386,0.1692,0.2864,0.1179,19.7,20.4,0,,,,,,,,
design imbalance,"0.30",20,0.763,0.8564,0.8942,0.8407,20,20,0.9896,0.9446,0.1667,0.2763,0.123,19.1,21.9,0,,,,,,,,
design imbalance,"0.50",20,0.7389,0.8661,0.8931,0.8373,20,20,0.989,0.9361,0.1692,0.2769,0.1192,18.2,24.3,0,,,,,,,,
design imbalance,"0.70",20,0.7125,0.8633,0.8915,0.8282,20,19,0.988,0.9405,0.1719,0.2771,0.12,17.3,26.3,0,,,,,,,,
design imbalance,"0.85",20,0.7046,0.8565,0.8907,0.8373,20,20,0.9869,0.9433,0.175,0.2737,0.1205,17.7,25.2,0,,,,,,,,
design imbalance,"0.95",20,0.7007,0.8641,0.8933,0.8373,20,19,0.9895,0.9371,0.1704,0.2755,0.1188,18,24.6,0,,,,,,,,
judge effects,"none (calibrated panel)",20,0.904,0.8789,0.8967,0.8576,3,18,0,0,0.0586,0.0728,0.1129,18.3,24.1,0,,,,,,,,
judge effects,"leniency only",20,0.7397,0.8821,0.8971,0.8554,20,16,0.9943,0,0.1586,0.0954,0.1121,18.2,24.3,0,,,,,,,,
judge effects,"scale only",20,0.8795,0.8629,0.8936,0.8339,16,19,0,0.9571,0.0771,0.2677,0.1204,18.3,24.1,0,,,,,,,,
judge effects,"both (the default)",20,0.7389,0.8661,0.8931,0.8373,20,20,0.989,0.9361,0.1692,0.2769,0.1192,18.2,24.3,0,,,,,,,,
judge effects,"severe",20,0.6203,0.8363,0.8785,0.8395,20,20,0.9844,0.9179,0.3083,0.7725,0.1417,18.2,24.3,0,,,,,,,,
ablation,"full model",20,0.7389,0.8661,0.8931,0.8373,20,20,0.989,0.9361,0.1692,0.2769,0.1192,18.2,24.3,0,,,,,,,,
ablation,"leniency only, scale pinned to 1",20,0.7389,0.8661,0.8706,0.8031,20,10,0.9869,0,0.1752,0.4701,0.1678,18.2,24.3,0,,,,,,,,
ablation,"inner backfit cut to 2 iterations",20,0.7389,0.8661,0.8932,0.8373,20,20,0.989,0.9356,0.1692,0.2778,0.1199,18.2,24.3,0,,,,,,,,
ablation,"one backfit round",20,0.7389,0.8661,0.8893,0.8215,20,19,0.9896,0.9195,0.1699,0.2974,0.1204,18.2,24.3,0,,,,,,,,
shrinkage,"even workload, ~20 ballots each · kappa=0",20,0.7389,0.8661,0.8924,0.8418,20,19,0.9883,0.9348,0.1705,0.2574,0.1163,18.2,24.3,0,,,,,,,,
shrinkage,"even workload, ~20 ballots each · kappa=2 (default)",20,0.7389,0.8661,0.8931,0.8373,20,20,0.989,0.9361,0.1692,0.2769,0.1192,18.2,24.3,0,,,,,,,,
shrinkage,"even workload, ~20 ballots each · kappa=8",20,0.7389,0.8661,0.8894,0.8203,20,18,0.9896,0.9329,0.1686,0.3179,0.1263,18.2,24.3,0,,,,,,,,
shrinkage,"even workload, ~20 ballots each · kappa=64",20,0.7389,0.8661,0.8765,0.8068,20,12,0.9882,0.9232,0.1722,0.4176,0.1523,18.2,24.3,0,,,,,,,,
shrinkage,"uneven workload · kappa=0",20,0.7528,0.8584,0.8947,0.8542,20,20,0.984,0.9002,0.1832,0.2817,0.1172,5.2,40.5,0,,,,,,,,
shrinkage,"uneven workload · kappa=2 (default)",20,0.7528,0.8584,0.8932,0.8429,20,20,0.9842,0.9007,0.183,0.2983,0.1209,5.2,40.5,0,,,,,,,,
shrinkage,"uneven workload · kappa=8",20,0.7528,0.8584,0.8901,0.8271,20,20,0.984,0.8877,0.1833,0.3342,0.1269,5.2,40.5,0,,,,,,,,
shrinkage,"uneven workload · kappa=64",20,0.7528,0.8584,0.8807,0.8169,20,18,0.9822,0.8226,0.1867,0.4209,0.1487,5.2,40.5,0,,,,,,,,
shrinkage,"thin panel, ~10 ballots each · kappa=0",20,0.6343,0.7717,0.815,0.7175,20,20,0.9641,0.7848,0.2123,0.3577,0.1659,8.9,12.4,0,,,,,,,,
shrinkage,"thin panel, ~10 ballots each · kappa=2 (default)",20,0.6343,0.7717,0.8186,0.7266,20,20,0.9687,0.7925,0.2083,0.3616,0.1739,8.9,12.4,0,,,,,,,,
shrinkage,"thin panel, ~10 ballots each · kappa=8",20,0.6343,0.7717,0.8124,0.7164,20,19,0.9667,0.7703,0.2111,0.3979,0.1962,8.9,12.4,0,,,,,,,,
shrinkage,"thin panel, ~10 ballots each · kappa=64",20,0.6343,0.7717,0.8007,0.7243,20,18,0.9597,0.7548,0.2193,0.453,0.2293,8.9,12.4,0,,,,,,,,
shrinkage,"thin and uneven · kappa=0",20,0.6402,0.7736,0.8201,0.7352,20,19,0.895,0.6777,0.3016,0.3835,0.1721,1.3,21.8,2,,,,,,,,
shrinkage,"thin and uneven · kappa=2 (default)",20,0.6402,0.7736,0.8262,0.7401,20,20,0.913,0.7029,0.2837,0.3744,0.1779,1.3,21.8,2,,,,,,,,
shrinkage,"thin and uneven · kappa=8",20,0.6402,0.7736,0.8246,0.7465,20,19,0.914,0.6856,0.2817,0.4042,0.1934,1.3,21.8,2,,,,,,,,
shrinkage,"thin and uneven · kappa=64",20,0.6402,0.7736,0.8136,0.7545,20,18,0.9065,0.6565,0.2904,0.4526,0.227,1.3,21.8,2,,,,,,,,
shrinkage,"very thin, ~5 ballots each · kappa=0",20,0.6462,0.7245,0.7924,0.7057,20,18,0.9342,0.5771,0.2472,0.4846,0.1194,4,6.3,0,,,,,,,,
shrinkage,"very thin, ~5 ballots each · kappa=2 (default)",20,0.6462,0.7245,0.8038,0.7011,20,18,0.9503,0.6117,0.218,0.4495,0.1589,4,6.3,0,,,,,,,,
shrinkage,"very thin, ~5 ballots each · kappa=8",20,0.6462,0.7245,0.7981,0.6828,19,17,0.9379,0.6113,0.2297,0.4687,0.1993,4,6.3,0,,,,,,,,
shrinkage,"very thin, ~5 ballots each · kappa=64",20,0.6462,0.7245,0.791,0.6552,18,17,0.9266,0.6097,0.2416,0.4996,0.2323,4,6.3,0,,,,,,,,
shrinkage,"very thin and uneven · kappa=0",20,0.6501,0.7238,0.7942,0.5816,17,19,0.8227,0.4388,0.3867,0.5178,0.1354,1,10.1,9,,,,,,,,
shrinkage,"very thin and uneven · kappa=2 (default)",20,0.6501,0.7238,0.7935,0.6276,18,18,0.8638,0.4551,0.3277,0.481,0.1555,1,10.1,9,,,,,,,,
shrinkage,"very thin and uneven · kappa=8",20,0.6501,0.7238,0.7905,0.6414,19,18,0.8718,0.4843,0.3187,0.4779,0.1901,1,10.1,9,,,,,,,,
shrinkage,"very thin and uneven · kappa=64",20,0.6501,0.7238,0.7744,0.6184,17,17,0.8677,0.4859,0.3238,0.5006,0.2275,1,10.1,9,,,,,,,,
shrinkage,"very thin and uneven · scale from a single ballot",20,0.6501,0.7238,0.7976,0.6506,18,18,0.866,0.432,0.327,0.4888,0.1546,1,10.1,9,,,,,,,,
robustness,"2 ballots per project",20,0.6343,0.7717,0.8186,0.7266,20,20,0.9687,0.7925,0.2083,0.3616,0.1739,8.9,12.4,0,,,,,,,,
robustness,"3 ballots per project",20,0.6885,0.8314,0.8693,0.8237,20,20,0.9862,0.9077,0.1734,0.3045,0.1421,13.6,18,0,,,,,,,,
robustness,"6 ballots per project",20,0.8068,0.8943,0.9176,0.8712,20,20,0.993,0.9644,0.1623,0.2544,0.0976,28.3,34.1,0,,,,,,,,
robustness,"1 judge marks everything a 3",20,0.7182,0.8451,0.8909,0.8328,20,19,0.989,0.9301,0.1719,0.2492,0.1211,18.2,24.3,0,,,,,,,,
robustness,"3 judges mark everything a 3",20,0.6787,0.7872,0.8578,0.7963,20,20,0.9845,0.9275,0.1728,0.2826,0.1155,18.1,24.2,0,,,,,,,,
robustness,"uneven judge workload",20,0.7528,0.8584,0.8932,0.8429,20,20,0.9842,0.9007,0.183,0.2983,0.1209,5.2,40.5,0,,,,,,,,
robustness,"24 projects, 6 judges",20,0.8236,0.8873,0.8978,0.8261,18,12,0.9833,0.947,0.2492,0.2504,0.1158,15.1,16.9,0,,,,,,,,
robustness,"240 projects, 30 judges",20,0.7089,0.8633,0.8888,0.8696,20,20,0.9902,0.9482,0.1411,0.2385,0.1221,28.4,41.8,0,,,,,,,,
robustness,"three tracks, judges confined to one",20,0.7468,0.8391,0.829,0.6835,20,9,0.9442,0.8881,0.2027,0.25,0.1198,19,22.3,20,,,,,,,,
robustness,"continuous scores (no rounding)",20,0.7431,0.8901,0.9168,0.8768,20,20,0.9908,0.9512,0.1655,0.274,0.0955,18.2,24.3,0,,,,,,,,
strategic judges,"none (control)",20,0.7389,0.8661,0.8931,0.8373,20,20,0.989,0.9361,0.1692,0.2769,0.1192,18.2,24.3,0,0,,0,0,,0,3.38,
strategic judges,"1 judge, one project",20,0.7333,0.8558,0.8832,0.7977,20,19,0.9575,0.9133,0.2191,0.2862,0.1318,18.2,24.3,0,20,7.8,0,20,0.55,0.0045,4.17,4.3
strategic judges,"2 judges, different projects",20,0.724,0.8415,0.8771,0.8102,20,19,0.9262,0.8975,0.2536,0.2882,0.1473,18.2,24.3,0,40,6.7,0,40,0.725,0,3.47,4.7
strategic judges,"2 judges, same project",20,0.7219,0.8368,0.8705,0.8045,20,19,0.9252,0.915,0.2565,0.2833,0.1454,18.2,24.3,0,20,15.65,3,40,0.55,0.015,4.45,4.24
strategic judges,"3 judges, harder push",20,0.6716,0.8029,0.8433,0.765,20,20,0.8073,0.8431,0.3861,0.3125,0.2155,18.2,24.3,0,60,12.9,3,60,0.767,0,3.22,5.68
strategic judges,"1 judge, no suppression",20,0.734,0.8599,0.8872,0.8282,20,20,0.9876,0.9306,0.172,0.2785,0.125,18.2,24.3,0,20,5.2,0,20,0.3,0,3.1,2.97
strategic judges,"1 judge, half the push",20,0.7387,0.8627,0.8907,0.8384,20,19,0.9812,0.9373,0.1826,0.2764,0.1228,18.2,24.3,0,20,3.65,0,20,0,0,3.33,2.48
strategic judges,"2 judges, same project, half the push",20,0.7356,0.8567,0.8846,0.8249,20,19,0.973,0.9311,0.1944,0.2763,0.127,18.2,24.3,0,20,7.5,0,40,0.075,0,3.32,2.61
